<?xml version="1.0" encoding="UTF-8"?>
<project-private xmlns="http://www.netbeans.org/ns/project-private/1">
    <editor-bookmarks xmlns="http://www.netbeans.org/ns/editor-bookmarks/2" lastBookmarkId="0"/>
    <open-files xmlns="http://www.netbeans.org/ns/projectui-open-files/2">
        <group>
            <file>file:/F:/LibrarySystem_3/src/librarysystem_3/DisplayBook.java</file>
            <file>file:/F:/LibrarySystem_3/src/librarysystem_3/DeleteBook.java</file>
            <file>file:/F:/LibrarySystem_3/src/librarysystem_3/SearchBook.java</file>
            <file>file:/F:/LibrarySystem_3/src/librarysystem_3/DbConnectivity.java</file>
            <file>file:/F:/LibrarySystem_3/src/librarysystem_3/AddBook.java</file>
            <file>file:/F:/LibrarySystem_3/src/librarysystem_3/ModifyBook.java</file>
            <file>file:/F:/LibrarySystem_3/src/librarysystem_3/LibrarySystem_3.java</file>
        </group>
    </open-files>
</project-private>
