<?xml version="1.0" encoding="UTF-8"?>
<project-private xmlns="http://www.netbeans.org/ns/project-private/1">
    <editor-bookmarks xmlns="http://www.netbeans.org/ns/editor-bookmarks/2" lastBookmarkId="0"/>
    <open-files xmlns="http://www.netbeans.org/ns/projectui-open-files/2">
        <group>
            <file>file:/F:/java/LibrarySystem/src/librarysystem/Magazine.java</file>
            <file>file:/F:/java/LibrarySystem/src/librarysystem/AddForm.java</file>
            <file>file:/F:/java/LibrarySystem/src/librarysystem/Driver.java</file>
            <file>file:/F:/java/LibrarySystem/src/librarysystem/Lib_Frame.java</file>
            <file>file:/F:/java/LibrarySystem/src/librarysystem/Thesis.java</file>
            <file>file:/F:/java/LibrarySystem/src/librarysystem/Book.java</file>
            <file>file:/F:/java/LibrarySystem/src/librarysystem/Author.java</file>
        </group>
    </open-files>
</project-private>
